lower,upper,mean,day
11.9377320441989,30.354999999999997,19.542872928176795,weekday
16.261941011235958,64.31151123595505,34.8852808988764,weekend
