lower,upper,mean,day
12.350871546961327,30.5106091160221,19.542872928176795,weekday
17.507213483146067,64.57352528089886,34.8852808988764,weekend
