lower,upper,mean,day
11.811395027624311,30.478872928176784,19.542872928176795,weekday
16.804325842696628,63.39634550561797,34.8852808988764,weekend
