lower,upper,mean,day
12.098959944751382,30.245164364640882,19.542872928176795,weekday
16.86796348314607,62.272873595505615,34.8852808988764,weekend
