Day,Lower_CI,Upper_CI,Mean_Area_Burned
Weekday,12.350871546961327,30.5106091160221,19.542872928176795
Weedend Day,17.507213483146067,64.57352528089886,34.8852808988764
